<?xml version="1.0" encoding="UTF-8"?>
<manifest identifier="COURSE-ARG-CONSTRUCT" version="1.0"
  xmlns="http://www.imsproject.org/xsd/imscp_rootv1p1p2"
  xmlns:adlcp="http://www.adlnet.org/xsd/adlcp_rootv1p2"
  xmlns:xsi="http://www.w3.org/2001/XMLSchema-instance"
  xsi:schemaLocation="http://www.imsproject.org/xsd/imscp_rootv1p1p2 ims_xml.xsd
                      http://www.imsglobal.org/xsd/imsmd_rootv1p2p1 imsmd_rootv1p2p1.xsd
                      http://www.adlnet.org/xsd/adlcp_rootv1p2 adlcp_rootv1p2.xsd">
  <organizations default="ORG-1">
    <organization identifier="ORG-1" structure="hierarchical">
      <title>Lesson Plan 2 - Argument Construction</title>
      <item identifier="ITEM-SCO-1" identifierref="SCO-1" isvisible="true">
        <title>Lesson Plan 2 - Argument Construction</title>
      </item>
    </organization>
  </organizations>
  <resources>
    <resource identifier="SCO-1" type="webcontent" adlcp:scormtype="sco" href="pdf_to_scorm/index.html">
      <file href="pdf_to_scorm/index.html"/>
    </resource>
  </resources>
</manifest>
